Designator,Footprint,Quantity,Value,LCSC Part #
C1,CP_EIA-7343-31_Kemet-D,1,470uF, C7229
"C10, C17, C2, C3, C4, C5, C6, C7, C8, C9, LC1, LC10, LC11, LC12, LC13, LC14, LC15, LC16, LC17, LC18, LC19, LC2, LC20, LC21, LC22, LC23, LC24, LC25, LC26, LC27, LC28, LC29, LC3, LC30, LC31, LC32, LC33, LC34, LC35, LC36, LC37, LC38, LC39, LC4, LC40, LC41, LC42, LC43, LC44, LC45, LC46, LC47, LC48, LC49, LC5, LC50, LC51, LC52, LC53, LC54, LC55, LC56, LC57, LC58, LC59, LC6, LC60, LC61, LC62, LC63, LC64, LC65, LC66, LC67, LC68, LC69, LC7, LC70, LC71, LC72, LC73, LC74, LC75, LC76, LC77, LC78, LC79, LC8, LC80, LC81, LC82, LC83, LC84, LC9",0402,94,100nF,C1525
"C11, C12",0402,2,1u,C52923
"C13, C14",0603,2,22u,C59461
"C15, C16",0402,2,15pF,C1548
"D1, D10, D11, D12, D13, D14, D15, D16, D17, D18, D19, D2, D20, D21, D22, D23, D24, D25, D26, D27, D28, D29, D3, D30, D31, D32, D33, D34, D35, D36, D37, D38, D39, D4, D40, D41, D42, D43, D44, D45, D46, D47, D48, D49, D5, D50, D51, D52, D53, D54, D55, D56, D57, D58, D59, D6, D60, D61, D62, D63, D64, D65, D66, D67, D68, D69, D7, D70, D71, D72, D73, D74, D75, D76, D77, D78, D79, D8, D80, D81, D82, D83, D84, D9",D_SOD-123,84,D,C33221
J1,USB_C_Receptacle_HRO_TYPE-C-31-M-12,1,USB_C_Receptacle_USB2.0,C165948
"LED1, LED10, LED11, LED12, LED13, LED14, LED15, LED16, LED17, LED18, LED19, LED2, LED20, LED21, LED22, LED23, LED24, LED25, LED26, LED27, LED28, LED29, LED3, LED30, LED31, LED32, LED33, LED34, LED35, LED36, LED37, LED38, LED39, LED4, LED40, LED41, LED42, LED43, LED44, LED45, LED46, LED47, LED48, LED49, LED5, LED50, LED51, LED52, LED53, LED54, LED55, LED56, LED57, LED58, LED59, LED6, LED60, LED61, LED62, LED63, LED64, LED65, LED66, LED67, LED68, LED69, LED7, LED70, LED71, LED72, LED73, LED74, LED75, LED76, LED77, LED78, LED79, LED8, LED80, LED81, LED82, LED83, LED84, LED9",LED_MX_6028R,84,MX_SK6812MINI-E,C5149201
"MX1, MX10, MX11, MX12, MX13, MX14, MX15, MX16, MX17, MX18, MX19, MX2, MX20, MX21, MX22, MX23, MX24, MX25, MX26, MX27, MX28, MX29, MX3, MX30, MX31, MX33, MX34, MX35, MX36, MX37, MX38, MX39, MX4, MX40, MX41, MX42, MX43, MX44, MX45, MX46, MX48, MX49, MX5, MX50, MX51, MX52, MX53, MX54, MX55, MX56, MX57, MX58, MX59, MX6, MX60, MX61, MX62, MX63, MX64, MX65, MX66, MX67, MX68, MX69, MX7, MX70, MX71, MX72, MX73, MX74, MX76, MX78, MX8, MX80, MX82, MX83, MX84, MX9",SW_MX_HS_CPG151101S11_1u,78,MX_SW_HS,C41430893
MX32,SW_MX_HS_CPG151101S11_1.5u,1,MX_SW_HS,C41430893
MX47,SW_MX_HS_CPG151101S11_1.75u,1,MX_SW_HS,C41430893
"MX75, MX77, MX79, MX81",SW_MX_HS_CPG151101S11_1.25u,4,MX_SW_HS,C41430893
"R1, R2, R3",0402,3,5.1k,C25905
"R4, R5",0402,2,27,C226392
"R6, R8",0402,2,1k,C11702
"RST1, RST2",SW_SPST_SKQG_WithStem,2,SW,C5140332
U1,SOT-353_SC-70-5,1,SN74LV1T34DCK,C48543212
U2,SOT-223-3_TabPin2,1,AMS1117-3.3,C6186
U3,SOT-23-6,1,USBLC6-2SC6,C558442
U4,QFN-56-1EP_7x7mm_P0.4mm_EP3.2x3.2mm,1,RP2040,C2040
U5,SOIC127P790X216-8N,1,W25Q128JVS,C97521
Y1,Crystal_SMD_3225-4Pin_3.2x2.5mm,1,ABM8-272-T3,C20625731
