Designator,Mid X,Mid Y,Rotation,Layer
C1,228.205724,-50.418335,0.0,bottom
C10,292.59,-67.68,0.0,bottom
C11,290.75,-75.305,0.0,bottom
C12,290.77,-76.38,0.0,bottom
C13,262.47,-70.24,270.0,bottom
C14,273.19,-72.49,270.0,bottom
C15,306.92,-70.69,90.0,bottom
C16,307.084276,-72.786665,270.0,bottom
C17,287.64,-71.93,90.0,bottom
C2,289.66,-71.14,0.0,bottom
C3,304.49,-74.17,180.0,bottom
C4,292.48,-76.59,270.0,bottom
C5,295.72,-79.04,270.0,bottom
C6,299.03,-79.751157,270.0,bottom
C7,304.47,-73.07,180.0,bottom
C8,297.4,-66.81,90.0,bottom
C9,289.64,-72.16,0.0,bottom
D1,67.235724,-61.295835,90.0,bottom
D10,238.685724,-61.295835,90.0,bottom
D11,257.735724,-61.295835,90.0,bottom
D12,276.785724,-61.295835,90.0,bottom
D13,295.835724,-61.295835,90.0,bottom
D14,314.885724,-61.295835,90.0,bottom
D15,333.935724,-61.295835,90.0,bottom
D16,352.985724,-61.295835,90.0,bottom
D17,67.235724,-85.108335,90.0,bottom
D18,86.285724,-85.108335,90.0,bottom
D19,105.335724,-85.108335,90.0,bottom
D2,86.285724,-61.295835,90.0,bottom
D20,124.385724,-85.108335,90.0,bottom
D21,143.435724,-85.108335,90.0,bottom
D22,162.485724,-85.108335,90.0,bottom
D23,181.535724,-85.108335,90.0,bottom
D24,200.585724,-85.108335,90.0,bottom
D25,219.635724,-85.108335,90.0,bottom
D26,238.685724,-85.108335,90.0,bottom
D27,257.735724,-85.108335,90.0,bottom
D28,276.785724,-85.108335,90.0,bottom
D29,295.49,-85.1075,90.0,bottom
D3,105.335724,-61.295835,90.0,bottom
D30,323.9,-85.0475,90.0,bottom
D31,352.985724,-85.108335,90.0,bottom
D32,71.998224,-104.158335,90.0,bottom
D33,95.810724,-104.158335,90.0,bottom
D34,114.860724,-104.158335,90.0,bottom
D35,133.910724,-104.158335,90.0,bottom
D36,152.960724,-104.158335,90.0,bottom
D37,172.010724,-104.158335,90.0,bottom
D38,191.060724,-104.158335,90.0,bottom
D39,210.110724,-104.158335,90.0,bottom
D4,124.385724,-61.295835,90.0,bottom
D40,229.160724,-104.158335,90.0,bottom
D41,248.210724,-104.158335,90.0,bottom
D42,267.260724,-104.158335,90.0,bottom
D43,286.310724,-104.158335,90.0,bottom
D44,305.360724,-104.158335,90.0,bottom
D45,331.554474,-113.683335,90.0,bottom
D46,352.985724,-104.158335,90.0,bottom
D47,74.379474,-123.208335,90.0,bottom
D48,100.573224,-123.208335,90.0,bottom
D49,119.623224,-123.208335,90.0,bottom
D5,143.435724,-61.295835,90.0,bottom
D50,138.673224,-123.208335,90.0,bottom
D51,157.723224,-123.208335,90.0,bottom
D52,176.773224,-123.208335,90.0,bottom
D53,195.823224,-123.208335,90.0,bottom
D54,214.873224,-123.208335,90.0,bottom
D55,233.923224,-123.208335,90.0,bottom
D56,252.973224,-123.208335,90.0,bottom
D57,272.023224,-123.208335,90.0,bottom
D58,291.073224,-123.208335,90.0,bottom
D59,310.123224,-123.208335,90.0,bottom
D6,162.485724,-61.295835,90.0,bottom
D60,352.985724,-123.208335,90.0,bottom
D61,75.725724,-142.528335,90.0,bottom
D62,105.335724,-142.258335,90.0,bottom
D63,124.385724,-142.258335,90.0,bottom
D64,143.435724,-142.258335,90.0,bottom
D65,162.485724,-142.258335,90.0,bottom
D66,181.535724,-142.258335,90.0,bottom
D67,200.585724,-142.258335,90.0,bottom
D68,219.635724,-142.258335,90.0,bottom
D69,238.685724,-142.258335,90.0,bottom
D7,181.535724,-61.295835,90.0,bottom
D70,257.735724,-142.258335,90.0,bottom
D71,276.785724,-142.258335,90.0,bottom
D72,304.425724,-142.328335,90.0,bottom
D73,333.935724,-142.258335,90.0,bottom
D74,352.985724,-142.258335,90.0,bottom
D75,69.616974,-161.308335,90.0,bottom
D76,91.015724,-161.285835,90.0,bottom
D77,112.415724,-161.285835,90.0,bottom
D78,181.515724,-161.325835,90.0,bottom
D79,250.515724,-161.385835,90.0,bottom
D8,197.51,-65.5675,90.0,bottom
D80,272.015724,-161.385835,90.0,bottom
D81,293.490724,-161.385835,90.0,bottom
D82,314.885724,-161.308335,90.0,bottom
D83,333.935724,-161.308335,90.0,bottom
D84,352.985724,-161.308335,90.0,bottom
D9,219.065724,-61.348335,90.0,bottom
J1,201.955724,-48.208335,180.0,bottom
LC1,54.665724,-65.308335,270.0,bottom
LC10,226.115724,-65.308335,270.0,bottom
LC11,245.165724,-65.308335,270.0,bottom
LC12,264.215724,-65.308335,270.0,bottom
LC13,283.265724,-65.308335,270.0,bottom
LC14,302.315724,-65.308335,270.0,bottom
LC15,321.365724,-65.308335,270.0,bottom
LC16,340.415724,-65.308335,270.0,bottom
LC17,54.665724,-89.120835,270.0,bottom
LC18,73.715724,-89.120835,270.0,bottom
LC19,92.765724,-89.120835,270.0,bottom
LC2,73.715724,-65.308335,270.0,bottom
LC20,111.815724,-89.120835,270.0,bottom
LC21,130.865724,-89.120835,270.0,bottom
LC22,149.915724,-89.120835,270.0,bottom
LC23,168.965724,-89.120835,270.0,bottom
LC24,188.015724,-89.120835,270.0,bottom
LC25,207.065724,-89.120835,270.0,bottom
LC26,226.115724,-89.120835,270.0,bottom
LC27,245.165724,-89.120835,270.0,bottom
LC28,264.215724,-89.120835,270.0,bottom
LC29,283.265724,-89.120835,270.0,bottom
LC3,92.765724,-65.308335,270.0,bottom
LC30,311.840724,-89.120835,270.0,bottom
LC31,340.415724,-89.120835,270.0,bottom
LC32,59.428224,-108.170835,270.0,bottom
LC33,83.240724,-108.170835,270.0,bottom
LC34,102.290724,-108.170835,270.0,bottom
LC35,121.340724,-108.170835,270.0,bottom
LC36,140.390724,-108.170835,270.0,bottom
LC37,159.440724,-108.170835,270.0,bottom
LC38,178.490724,-108.170835,270.0,bottom
LC39,197.540724,-108.170835,270.0,bottom
LC4,111.815724,-65.308335,270.0,bottom
LC40,216.590724,-108.170835,270.0,bottom
LC41,235.640724,-108.170835,270.0,bottom
LC42,254.690724,-108.170835,270.0,bottom
LC43,273.740724,-108.170835,270.0,bottom
LC44,292.790724,-108.170835,270.0,bottom
LC45,318.984474,-117.695835,270.0,bottom
LC46,340.415724,-108.170835,270.0,bottom
LC47,61.809474,-127.220835,270.0,bottom
LC48,88.003224,-127.220835,270.0,bottom
LC49,107.053224,-127.220835,270.0,bottom
LC5,130.865724,-65.308335,270.0,bottom
LC50,126.103224,-127.220835,270.0,bottom
LC51,145.153224,-127.220835,270.0,bottom
LC52,164.203224,-127.220835,270.0,bottom
LC53,183.253224,-127.220835,270.0,bottom
LC54,202.303224,-127.220835,270.0,bottom
LC55,221.353224,-127.220835,270.0,bottom
LC56,240.403224,-127.220835,270.0,bottom
LC57,259.453224,-127.220835,270.0,bottom
LC58,278.503224,-127.220835,270.0,bottom
LC59,297.553224,-127.220835,270.0,bottom
LC6,149.915724,-65.308335,270.0,bottom
LC60,340.415724,-127.220835,270.0,bottom
LC61,64.190724,-146.270835,270.0,bottom
LC62,92.765724,-146.270835,270.0,bottom
LC63,111.815724,-146.270835,270.0,bottom
LC64,130.865724,-146.270835,270.0,bottom
LC65,149.915724,-146.270835,270.0,bottom
LC66,168.965724,-146.270835,270.0,bottom
LC67,188.015724,-146.270835,270.0,bottom
LC68,207.065724,-146.270835,270.0,bottom
LC69,226.115724,-146.270835,270.0,bottom
LC7,168.965724,-65.308335,270.0,bottom
LC70,245.165724,-146.270835,270.0,bottom
LC71,264.215724,-146.270835,270.0,bottom
LC72,292.790724,-146.270835,270.0,bottom
LC73,321.365724,-146.270835,270.0,bottom
LC74,340.415724,-146.270835,270.0,bottom
LC75,57.046974,-165.320835,270.0,bottom
LC76,78.445724,-165.298335,270.0,bottom
LC77,99.845724,-165.298335,270.0,bottom
LC78,168.945724,-165.338335,270.0,bottom
LC79,237.945724,-165.398335,270.0,bottom
LC8,188.015724,-65.308335,270.0,bottom
LC80,259.445724,-165.398335,270.0,bottom
LC81,280.920724,-165.398335,270.0,bottom
LC82,302.315724,-165.320835,270.0,bottom
LC83,321.365724,-165.320835,270.0,bottom
LC84,340.415724,-165.320835,270.0,bottom
LC9,207.065724,-65.308335,270.0,bottom
LED1,59.030724,-65.578335,0.0,bottom
LED10,230.480724,-65.578335,0.0,bottom
LED11,249.530724,-65.578335,0.0,bottom
LED12,268.580724,-65.578335,0.0,bottom
LED13,287.630724,-65.578335,0.0,bottom
LED14,306.680724,-65.578335,0.0,bottom
LED15,325.730724,-65.578335,0.0,bottom
LED16,344.780724,-65.578335,0.0,bottom
LED17,59.030724,-89.390835,0.0,bottom
LED18,78.080724,-89.390835,0.0,bottom
LED19,97.130724,-89.390835,0.0,bottom
LED2,78.080724,-65.578335,0.0,bottom
LED20,116.180724,-89.390835,0.0,bottom
LED21,135.230724,-89.390835,0.0,bottom
LED22,154.280724,-89.390835,0.0,bottom
LED23,173.330724,-89.390835,0.0,bottom
LED24,192.380724,-89.390835,0.0,bottom
LED25,211.430724,-89.390835,0.0,bottom
LED26,230.480724,-89.390835,0.0,bottom
LED27,249.530724,-89.390835,0.0,bottom
LED28,268.580724,-89.390835,0.0,bottom
LED29,287.630724,-89.390835,0.0,bottom
LED3,97.130724,-65.578335,0.0,bottom
LED30,316.205724,-89.390835,0.0,bottom
LED31,344.780724,-89.390835,0.0,bottom
LED32,63.793224,-108.440835,0.0,bottom
LED33,87.605724,-108.440835,0.0,bottom
LED34,106.655724,-108.440835,0.0,bottom
LED35,125.705724,-108.440835,0.0,bottom
LED36,144.755724,-108.440835,0.0,bottom
LED37,163.805724,-108.440835,0.0,bottom
LED38,182.855724,-108.440835,0.0,bottom
LED39,201.905724,-108.440835,0.0,bottom
LED4,116.180724,-65.578335,0.0,bottom
LED40,220.955724,-108.440835,0.0,bottom
LED41,240.005724,-108.440835,0.0,bottom
LED42,259.055724,-108.440835,0.0,bottom
LED43,278.105724,-108.440835,0.0,bottom
LED44,297.155724,-108.440835,0.0,bottom
LED45,323.349474,-117.965835,0.0,bottom
LED46,344.780724,-108.440835,0.0,bottom
LED47,66.174474,-127.490835,0.0,bottom
LED48,92.368224,-127.490835,0.0,bottom
LED49,111.418224,-127.490835,0.0,bottom
LED5,135.230724,-65.578335,0.0,bottom
LED50,130.468224,-127.490835,0.0,bottom
LED51,149.518224,-127.490835,0.0,bottom
LED52,168.568224,-127.490835,0.0,bottom
LED53,187.618224,-127.490835,0.0,bottom
LED54,206.668224,-127.490835,0.0,bottom
LED55,225.718224,-127.490835,0.0,bottom
LED56,244.768224,-127.490835,0.0,bottom
LED57,263.818224,-127.490835,0.0,bottom
LED58,282.868224,-127.490835,0.0,bottom
LED59,301.918224,-127.490835,0.0,bottom
LED6,154.280724,-65.578335,0.0,bottom
LED60,344.780724,-127.490835,0.0,bottom
LED61,68.555724,-146.540835,0.0,bottom
LED62,97.130724,-146.540835,0.0,bottom
LED63,116.180724,-146.540835,0.0,bottom
LED64,135.230724,-146.540835,0.0,bottom
LED65,154.280724,-146.540835,0.0,bottom
LED66,173.330724,-146.540835,0.0,bottom
LED67,192.380724,-146.540835,0.0,bottom
LED68,211.430724,-146.540835,0.0,bottom
LED69,230.480724,-146.540835,0.0,bottom
LED7,173.330724,-65.578335,0.0,bottom
LED70,249.530724,-146.540835,0.0,bottom
LED71,268.580724,-146.540835,0.0,bottom
LED72,297.155724,-146.540835,0.0,bottom
LED73,325.730724,-146.540835,0.0,bottom
LED74,344.780724,-146.540835,0.0,bottom
LED75,61.411974,-165.590835,0.0,bottom
LED76,82.810724,-165.568335,0.0,bottom
LED77,104.210724,-165.568335,0.0,bottom
LED78,173.310724,-165.608335,0.0,bottom
LED79,242.310724,-165.668335,0.0,bottom
LED8,192.380724,-65.578335,0.0,bottom
LED80,263.810724,-165.668335,0.0,bottom
LED81,285.285724,-165.668335,0.0,bottom
LED82,306.680724,-165.590835,0.0,bottom
LED83,325.730724,-165.590835,0.0,bottom
LED84,344.780724,-165.590835,0.0,bottom
LED9,211.430724,-65.578335,0.0,bottom
MX1,59.005724,-60.478335,0.0,bottom
MX10,230.455724,-60.478335,0.0,bottom
MX11,249.505724,-60.478335,0.0,bottom
MX12,268.555724,-60.478335,0.0,bottom
MX13,287.605724,-60.478335,0.0,bottom
MX14,306.655724,-60.478335,0.0,bottom
MX15,325.705724,-60.478335,0.0,bottom
MX16,344.755724,-60.478335,0.0,bottom
MX17,59.005724,-84.290835,0.0,bottom
MX18,78.055724,-84.290835,0.0,bottom
MX19,97.105724,-84.290835,0.0,bottom
MX2,78.055724,-60.478335,0.0,bottom
MX20,116.155724,-84.290835,0.0,bottom
MX21,135.205724,-84.290835,0.0,bottom
MX22,154.255724,-84.290835,0.0,bottom
MX23,173.305724,-84.290835,0.0,bottom
MX24,192.355724,-84.290835,0.0,bottom
MX25,211.405724,-84.290835,0.0,bottom
MX26,230.455724,-84.290835,0.0,bottom
MX27,249.505724,-84.290835,0.0,bottom
MX28,268.555724,-84.290835,0.0,bottom
MX29,287.605724,-84.290835,0.0,bottom
MX3,97.105724,-60.478335,0.0,bottom
MX30,316.180724,-84.290835,0.0,bottom
MX31,344.755724,-84.290835,0.0,bottom
MX32,63.768224,-103.340835,0.0,bottom
MX33,87.580724,-103.340835,0.0,bottom
MX34,106.630724,-103.340835,0.0,bottom
MX35,125.680724,-103.340835,0.0,bottom
MX36,144.730724,-103.340835,0.0,bottom
MX37,163.780724,-103.340835,0.0,bottom
MX38,182.830724,-103.340835,0.0,bottom
MX39,201.880724,-103.340835,0.0,bottom
MX4,116.155724,-60.478335,0.0,bottom
MX40,220.930724,-103.340835,0.0,bottom
MX41,239.980724,-103.340835,0.0,bottom
MX42,259.030724,-103.340835,0.0,bottom
MX43,278.080724,-103.340835,0.0,bottom
MX44,297.130724,-103.340835,0.0,bottom
MX45,323.324474,-112.865835,0.0,bottom
MX46,344.755724,-103.340835,0.0,bottom
MX47,66.149474,-122.390835,0.0,bottom
MX48,92.343224,-122.390835,0.0,bottom
MX49,111.393224,-122.390835,0.0,bottom
MX5,135.205724,-60.478335,0.0,bottom
MX50,130.443224,-122.390835,0.0,bottom
MX51,149.493224,-122.390835,0.0,bottom
MX52,168.543224,-122.390835,0.0,bottom
MX53,187.593224,-122.390835,0.0,bottom
MX54,206.643224,-122.390835,0.0,bottom
MX55,225.693224,-122.390835,0.0,bottom
MX56,244.743224,-122.390835,0.0,bottom
MX57,263.793224,-122.390835,0.0,bottom
MX58,282.843224,-122.390835,0.0,bottom
MX59,301.893224,-122.390835,0.0,bottom
MX6,154.255724,-60.478335,0.0,bottom
MX60,344.755724,-122.390835,0.0,bottom
MX61,68.530724,-141.440835,0.0,bottom
MX62,97.105724,-141.440835,0.0,bottom
MX63,116.155724,-141.440835,0.0,bottom
MX64,135.205724,-141.440835,0.0,bottom
MX65,154.255724,-141.440835,0.0,bottom
MX66,173.305724,-141.440835,0.0,bottom
MX67,192.355724,-141.440835,0.0,bottom
MX68,211.405724,-141.440835,0.0,bottom
MX69,230.455724,-141.440835,0.0,bottom
MX7,173.305724,-60.478335,0.0,bottom
MX70,249.505724,-141.440835,0.0,bottom
MX71,268.555724,-141.440835,0.0,bottom
MX72,297.130724,-141.440835,0.0,bottom
MX73,325.705724,-141.440835,0.0,bottom
MX74,344.755724,-141.440835,0.0,bottom
MX75,61.386974,-160.490835,0.0,bottom
MX76,82.785724,-160.468335,0.0,bottom
MX77,104.185724,-160.468335,0.0,bottom
MX78,173.285724,-160.508335,0.0,bottom
MX79,242.285724,-160.568335,0.0,bottom
MX8,192.375724,-60.500835,0.0,bottom
MX80,263.785724,-160.568335,0.0,bottom
MX81,285.260724,-160.568335,0.0,bottom
MX82,306.655724,-160.490835,0.0,bottom
MX83,325.705724,-160.490835,0.0,bottom
MX84,344.755724,-160.490835,0.0,bottom
MX9,211.485724,-60.500835,0.0,bottom
R1,200.58,-55.09,270.0,bottom
R2,203.04,-55.0175,270.0,bottom
R3,327.564276,-72.851665,270.0,bottom
R4,290.05,-73.25,180.0,bottom
R5,290.04,-74.315,180.0,bottom
R6,303.704276,-72.091665,180.0,bottom
R8,339.97,-70.72,180.0,bottom
RST1,332.43,-71.64,0.0,bottom
RST2,345.425724,-72.578335,0.0,bottom
U1,67.495724,-50.088335,180.0,bottom
U2,267.76,-71.71,0.0,bottom
U3,201.713224,-66.058335,90.0,bottom
U4,296.8475,-72.71,0.0,bottom
U5,282.5,-70.5,180.0,bottom
Y1,309.3,-71.23,270.0,bottom
